{"p9wI2H+FJXu/sNfWU00+QA==":"morosakato.webp","7whgPvwIG2cs8cnY7fjGFQ==":"morosakato-1.webp","ak9+emrtJgi3uJr6i9rVKg==":"morosakato-2.webp","7XTgcqLgwx22bHiXAMkE8Q==":"mbr-1920x1275.jpg","vyAPLEFh4MLDn0i8xHCbhw==":"morosakato-3.webp","nea3bJcl/gsoY65gWRDQwg==":"morosakato-4.webp","Xu0b86bDkFInKzFZR1/yTQ==":"morosakato-5.webp","u4NDgERhHeXKmRjUY8I61g==":"morosakato-6.webp","HCElARVumbysQvXc8Y4HUA==":"moro2-1136x530.jpg","EgDo+CZrLOU1/lv5gWNd3w==":"02.jpg","kZYCp3cXfios11oHXSzp3Q==":"07.jpg","Shy099DGYtaGQX4HLLRnhw==":"03.jpg","5lxKFK8bTVrIP/9L8MG2tA==":"background2.jpg","fJdVQNuIQb1L7cLyk7K9uA==":"moro2-1-1136x530.jpg","xNxcKNyOaUHyzuTVss4IRg==":"moro%20research.webp","82M30I8IfwgyhkDsAy9CjA==":"moro%20waktu.webp","BXsvu1Km1gS2qd7sQD2yNg==":"moro%20waktu.webp","obNjtuAUQ6GwUBl6YmayMw==":"moro%20waktu.webp","u3JqxjVHt2LoCITRy0N14A==":"moro%20google.webp","ChkmO9Gu89BqiXMffFeWaQ==":"testimoni1.webp","7Sm6UO6cvw2Ik3OGYcCnlQ==":"testimoni2.webp","+jptdVwBk8VUG9CUNSvwfw==":"testimoni3.webp","mywMyP/69Ieg3djAbtk0eg==":"testimoni4.webp","qN+kPUm1e3x05Gh4SN/PvQ==":"testimoni5.webp","I7gXfgLlUT9kd//wAp2h3Q==":"click-wa.gif","/TQwPHgj0RuEB+ytWIlHOg==":"web%20baru%202%20minggu-587x536.jpg"}